ComplaintId,Response,ResponseDate,SupportAgent,_attachments,_etag,_rid,_self,_ts,id
c99e835e-8fba-4f0b-9e5e-ee340c755e24,Test Response,2021/07/09 19:10:42,Hailey Simmons,attachments/,"\"ea0139e4-0000-0700-0000-60e89f320000\"",y5YxAMYDIg0PAAAAAAAAAA==,dbs/y5YxAA==/colls/y5YxAMYDIg0=/docs/y5YxAMYDIg0PAAAAAAAAAA==/,1625857842,455eded4-eb41-4d39-8925-9aa480e6f3a8
ab610f4c-8c59-460e-baff-ebfd8d1f674c,Test Response,2021/07/09 19:13:58,Hailey Simmons,attachments/,"\"ea0163e8-0000-0700-0000-60e89ff60000\"",y5YxAMYDIg0QAAAAAAAAAA==,dbs/y5YxAA==/colls/y5YxAMYDIg0=/docs/y5YxAMYDIg0QAAAAAAAAAA==/,1625858038,fc78ef87-6571-4e57-ab1c-ebe4f382da21
ab610f4c-8c59-460e-baff-ebfd8d1f674c,<p>Testing response 2</p>,2021/07/09 19:16:3,Hailey Simmons,attachments/,"\"ea016beb-0000-0700-0000-60e8a0730000\"",y5YxAMYDIg0RAAAAAAAAAA==,dbs/y5YxAA==/colls/y5YxAMYDIg0=/docs/y5YxAMYDIg0RAAAAAAAAAA==/,1625858163,e7c3fa36-c2b0-404f-b244-bf0b4f663e50
ab610f4c-8c59-460e-baff-ebfd8d1f674c,<p>Testing response 3</p>,2021/07/09 19:17:51,Hailey Simmons,attachments/,"\"ea0112ee-0000-0700-0000-60e8a0df0000\"",y5YxAMYDIg0SAAAAAAAAAA==,dbs/y5YxAA==/colls/y5YxAMYDIg0=/docs/y5YxAMYDIg0SAAAAAAAAAA==/,1625858271,5236d990-54cb-4e09-ac5e-1edc84257989
ab610f4c-8c59-460e-baff-ebfd8d1f674c,<p>Testing response 4</p>,2021/07/09 19:19:24,Hailey Simmons,attachments/,"\"ea01f4ef-0000-0700-0000-60e8a13c0000\"",y5YxAMYDIg0TAAAAAAAAAA==,dbs/y5YxAA==/colls/y5YxAMYDIg0=/docs/y5YxAMYDIg0TAAAAAAAAAA==/,1625858364,f3b38462-e14d-405a-8c89-c3945ff804b8
4e0ff772-13c2-4c26-a895-d2297ccc79f9,Test Response,2021/07/09 20:11:13,Hailey Simmons,attachments/,"\"eb01cd35-0000-0700-0000-60e8ad670000\"",y5YxAMYDIg0UAAAAAAAAAA==,dbs/y5YxAA==/colls/y5YxAMYDIg0=/docs/y5YxAMYDIg0UAAAAAAAAAA==/,1625861479,2a3b46bb-d577-48ca-919a-66a4a3f2c8e7
93b2175a-a585-4c0a-b094-982fa2787620,Enter some <strong>rich text</strong> here.,2021/07/09 20:11:46,Hailey Simmons,attachments/,"\"eb015a36-0000-0700-0000-60e8ad820000\"",y5YxAMYDIg0VAAAAAAAAAA==,dbs/y5YxAA==/colls/y5YxAMYDIg0=/docs/y5YxAMYDIg0VAAAAAAAAAA==/,1625861506,cb8ddabf-9d59-406e-99cf-6217e69d11b5
93b2175a-a585-4c0a-b094-982fa2787620,Enter some <strong>rich text</strong> here.,2021/07/09 20:11:50,Hailey Simmons,attachments/,"\"eb017636-0000-0700-0000-60e8ad860000\"",y5YxAMYDIg0WAAAAAAAAAA==,dbs/y5YxAA==/colls/y5YxAMYDIg0=/docs/y5YxAMYDIg0WAAAAAAAAAA==/,1625861510,1d83a519-bb2e-4d69-aa1c-c794d8321e30
ab610f4c-8c59-460e-baff-ebfd8d1f674c,<p>Test Response</p><p>Test Response</p><p>Test Response</p><p>Test Response</p><p>Test Response</p>,2021/07/09 20:46:6,Hailey Simmons,attachments/,"\"eb011065-0000-0700-0000-60e8b5920000\"",y5YxAMYDIg0XAAAAAAAAAA==,dbs/y5YxAA==/colls/y5YxAMYDIg0=/docs/y5YxAMYDIg0XAAAAAAAAAA==/,1625863570,e12f3495-583b-4fc5-8a4b-78d0d22a8230
ab610f4c-8c59-460e-baff-ebfd8d1f674c,<p>Test Response</p>,2021/07/09 21:03:57,Hailey Simmons,attachments/,"\"eb01157d-0000-0700-0000-60e8b9c00000\"",y5YxAMYDIg0YAAAAAAAAAA==,dbs/y5YxAA==/colls/y5YxAMYDIg0=/docs/y5YxAMYDIg0YAAAAAAAAAA==/,1625864640,2f01f4a1-b147-44e7-b345-6b94ca20e6cb
93b2175a-a585-4c0a-b094-982fa2787620,<p>Hello there!... I don't seem to recall owning any droids...&nbsp;</p>,2021/08/27 17:41:23,Hailey Simmons,attachments/,"\"02007c9c-0000-0700-0000-612923c30000\"",y5YxAMYDIg0ZAAAAAAAAAA==,dbs/y5YxAA==/colls/y5YxAMYDIg0=/docs/y5YxAMYDIg0ZAAAAAAAAAA==/,1630086083,ffdbc41f-f99e-4eff-917d-72dc3986974e
